countryid,country,position,positionLabel,officeholder,officeholderLabel,start_year,end_year
Q889,Afghanistan,Q2081829,Amir al-Mu'minin,Q24237654,Haibatullah Akhundzada,2016,
Q889,Afghanistan,Q2081829,Amir al-Mu'minin,Q24237654,Haibatullah Akhundzada,2021,
Q222,Albania,Q1625960,President of Albania,Q727132,Ilir Meta,2017,
Q222,Albania,Q16009376,Prime Minister of Albania,Q316901,Edi Rama,2013,
Q262,Algeria,Q2914452,President of Algeria,Q2821166,Abdelmadjid Tebboune,2019,
Q262,Algeria,Q182762,Prime Minister of Algeria,Q96612848,Aymen Benabderrahmane,2021,
Q262,Algeria,Q182762,Prime Minister of Algeria,Q80100650,Abdelaziz Djerrad,2019,2021
Q228,Andorra,Q19808790,Episcopal Co-Prince,Q57473,Joan Enric Vives Sicília,2003,
Q228,Andorra,Q19808845,French Co-Prince,Q3052772,Emmanuel Macron,2017,
Q916,Angola,Q846091,President of Angola,Q28650390,João Lourenço,2017,
Q781,Antigua and Barbuda,Q20682527,Prime Minister of Antigua and Barbuda,Q17177542,Gaston Browne,2014,
Q781,Antigua and Barbuda,Q26869636,monarch of Antigua and Barbuda,Q9682,Elizabeth II,1981,
Q414,Argentina,Q12969145,President of Argentina,Q2642828,Alberto Fernández,2019,
Q399,Armenia,Q4283840,President of Armenia,Q93153,Armen Sarkissian,2018,
Q399,Armenia,Q1123764,Prime Minister of Armenia,Q7035479,Nikol Pashinyan,2018,2021
Q408,Australia,Q14931512,Monarch of Australia,Q9682,Elizabeth II,1952,
Q408,Australia,Q319145,Prime Minister of Australia,Q7436908,Scott Morrison,2018,
Q40,Austria,Q1006398,Federal Chancellor of Austria,Q2262885,Sebastian Kurz,2020,
Q40,Austria,Q475658,President of Austria,Q78869,Alexander Van der Bellen,2017,
Q227,Azerbaijan,Q205602,President of Azerbaijan,Q57371,Ilham Aliyev,2003,
Q227,Azerbaijan,Q946064,Prime Minister of Azerbaijan,Q12850075,Ali Asadov,2019,
Q398,Bahrain,Q58150,Prime Minister of Bahrain,Q58140,Salman bin Hamad bin Isa Al Khalifa,2020,
Q398,Bahrain,Q42719346,monarch of Bahrain,Q57352,Hamad bin Isa Al Khalifa,1999,
Q902,Bangladesh,Q596123,President of Bangladesh,Q3246667,Abdul Hamid,2013,
Q902,Bangladesh,Q14565638,Prime Minister of Bangladesh,Q52183,Sheikh Hasina,2009,
Q244,Barbados,Q15921525,Prime Minister of Barbados,Q6827147,Mia Mottley,2018,
Q244,Barbados,Q26869644,monarch of Barbados,Q9682,Elizabeth II,1966,
Q184,Belarus,Q12379704,Prime Minister of Belarus,Q27043179,Roman Golovchenko,2020,
Q31,Belgium,Q13592862,King of Belgium,Q155004,Philippe I of Belgium,2013,
Q31,Belgium,Q213107,Prime Minister of Belgium,Q476596,Alexander De Croo,2020,
Q242,Belize,Q34517433,Monarch of Belize,Q9682,Elizabeth II,1981,
Q242,Belize,Q862638,Prime Minister of Belize,Q57701,Dean Barrow,2008,
Q962,Benin,Q2407810,President of Republic of Benin,Q16669148,Patrice Talon,2016,
Q917,Bhutan,Q1261215,Druk Gyalpo,Q57376,Jigme Khesar Namgyel Wangchuck,2006,
Q917,Bhutan,Q663871,Prime Minister of Bhutan,Q57313851,Lotay Tshering,2018,
Q750,Bolivia,Q373548,President  they facto of Bolivia,Q16149892,Luis Arce,2020,
Q225,Bosnia and Herzegovina,Q16020744,Chairman of the Council of Ministers of Bosnia and Herzegovina,Q12752078,Zoran Tegeltija,2019,
Q963,Botswana,Q19056310,President of Botswana,Q18618891,Mokgweetsi Masisi,2018,
Q155,Brazil,Q5176750,President of Brazil,Q10304982,Jair Bolsonaro,2019,
Q921,Brunei,Q889927,Sultan of Brunei,Q57327,Hassanal Bolkiah,1967,
Q219,Bulgaria,Q14946265,President of Bulgaria,Q26257557,Rumen Radev,2017,
Q219,Bulgaria,Q4404583,Prime Minister of Bulgaria,Q28055319,Stefan Janev,2021,
Q219,Bulgaria,Q4404583,Prime Minister of Bulgaria,Q57775,Boyko Borisov,2017,2021
Q965,Burkina Faso,Q20995488,President of Burkina Faso,Q599988,Roch Marc Christian Kaboré,2015,
Q965,Burkina Faso,Q28133105,Prime Minister of Burkina Faso,Q60813372,Christophe Joseph Marie Dabiré,2019,
Q967,Burundi,Q19057827,President of Burundi,Q27329764,Évariste Ndayishimiye,2020,
Q967,Burundi,Q52728003,Prime Minister of Burundi,Q27231038,Alain-Guillaume Bunyoni,2020,
Q424,Cambodia,Q42298242,King of Cambodia,Q57319,Norodom Sihamoni,2004,
Q424,Cambodia,Q1999325,Prime Minister of Cambodia,Q57788,Hun Sen,1998,
Q1009,Cameroon,Q19158914,President of Cameroon,Q57272,Paul Biya,1982,
Q1009,Cameroon,Q17051823,Prime Minister of Cameroon,Q60441515,Joseph Ngute,2019,
Q16,Canada,Q839078,Prime Minister of Canada,Q3099714,Justin Trudeau,2015,
Q16,Canada,Q14931511,monarch of Canada,Q9682,Elizabeth II,1952,
Q1011,Cape Verde,Q19058382,President of Cape Verde,Q57517,Jorge Carlos Fonseca,2011,
Q1011,Cape Verde,Q30100568,Prime Minister of Cape Verde,Q23899522,Ulisses Correia e Silva,2016,
Q929,Central African Republic,Q15710848,President of the Central African Republic,Q57758,Faustin-Archange Touadéra,2016,
Q929,Central African Republic,Q16773091,Prime Minister of the Central African Republic,Q61889435,Firmin Ngrébada,2019,
Q657,Chad,Q28003132,President of Chad,Q57350,Idriss Déby,1990,2021
Q298,Chile,Q466956,President of Chile,Q306,Sebastián Piñera,2018,
Q739,Colombia,Q853475,President of Colombia,Q17478000,Iván Duque Márquez,2018,
Q970,Comoros,Q28015452,President of Comoros,Q515602,Azali Assoumani,2019,
Q800,Costa Rica,Q27977064,President of Costa Rica,Q26996246,Carlos Alvarado Quesada,2018,
Q224,Croatia,Q1195270,Prime Minister of Croatia,Q11685764,Andrej Plenković,2016,
Q224,Croatia,Q268984,president of Croatia,Q57687,Zoran Milanović,2020,
Q241,Cuba,Q1370482,President of Cuba,Q1932603,Miguel Díaz-Canel,2018,
Q241,Cuba,Q6502015,Prime Minister of Cuba,Q79358625,Manuel Marrero Cruz,2019,
Q229,Cyprus,Q841760,President of Cyprus,Q2112764,Nikos Anastasiades,2013,
Q213,Czech Republic,Q1819381,President of the Czech Republic,Q29032,Miloš Zeman,2013,
Q213,Czech Republic,Q3409229,Prime Minister of the Czech Republic,Q10819807,Andrej Babiš,2017,
Q756617,Danish Realm,Q795477,Prime Minister of Denmark,Q5015,Mette Frederiksen,2019,
Q756617,Danish Realm,Q18341329,monarch of Denmark,Q102139,Margrethe II of Denmark,1972,
Q974,Democratic Republic of the Congo,Q3409199,President of the Democratic Republic of the Congo,Q29032770,Félix Tshisekedi,2019,
Q974,Democratic Republic of the Congo,Q3401753,Prime Minister of the Democratic Republic of the Congo,Q105523479,Jean-Michel Sama Lukonde,2021,
Q974,Democratic Republic of the Congo,Q3401753,Prime Minister of the Democratic Republic of the Congo,Q63967715,Sylvestre Ilunga,2019,2021
Q35,Denmark,Q795477,Prime Minister of Denmark,Q5015,Mette Frederiksen,2019,
Q35,Denmark,Q18341329,monarch of Denmark,Q102139,Margrethe II of Denmark,1972,
Q977,Djibouti,Q19058485,President of Djibouti,Q57390,Ismail Omar Guelleh,1999,
Q977,Djibouti,Q30100591,Prime Minister of Djibouti,Q10522744,Abdoulkader Kamil Mohamed,2013,
Q784,Dominica,Q1756747,Prime Minister of Dominica,Q57823,Roosevelt Skerrit,2004,
Q784,Dominica,Q20087535,president of Dominica,Q2960197,Charles Savarin,2013,
Q786,Dominican Republic,Q607982,President of the Dominican Republic,Q16594097,Luis Abinader,2020,
Q574,East Timor,Q586047,President of East Timor,Q897790,Francisco Guterres,2017,
Q574,East Timor,Q978708,Prime Minister of East Timor,Q57519,Taur Matan Ruak,2018,
Q736,Ecuador,Q732562,President of Ecuador,Q4414537,Guillermo Lasso,2021,
Q736,Ecuador,Q732562,President of Ecuador,Q518626,Lenín Moreno,2017,2021
Q79,Egypt,Q15618993,President of Egypt,Q307871,Abdel Fattah el-Sisi,2014,
Q79,Egypt,Q1571396,Prime Minister of Egypt,Q54901515,Moustafa Madbouly,2018,
Q792,El Salvador,Q878151,President of El Salvador,Q17712353,Nayib Bukele,2019,
Q983,Equatorial Guinea,Q19058522,President of Equatorial Guinea,Q57385,Teodoro Obiang,1979,
Q983,Equatorial Guinea,Q2351213,Prime Minister of Equatorial Guinea,Q24761111,Francisco Pascual Obama Asue,2016,
Q986,Eritrea,Q19108193,President of Eritrea,Q57348,Isaias Afwerki,1993,
Q191,Estonia,Q890005,President of Estonia,Q12366816,Kersti Kaljulaid,2016,
Q191,Estonia,Q737115,Prime Minister of Estonia,Q11869065,Kaja Kallas,2021,
Q191,Estonia,Q737115,Prime Minister of Estonia,Q2621730,Jüri Ratas,2016,2021
Q1050,Eswatini,Q29570674,Ngwenyama of Eswatini,Q57340,Mswati III,1986,
Q1050,Eswatini,Q30101440,Prime Minister of Eswatini,Q57973856,Ambrose Mandvulo Dlamini,2018,
Q115,Ethiopia,Q3409186,President of Ethiopia,Q7399685,Sahle-Work Zewde,2018,
Q115,Ethiopia,Q1788970,Prime Minister of Ethiopia,Q50365049,Abiy Ahmed Ali,2018,
Q702,Federated States of Micronesia,Q30133416,President of the Federated States of Micronesia,Q63872093,David W. Panuelo,2019,
Q712,Fiji,Q76292543,President of Fiji,Q5541411,Jioji (George) Konrote,2015,
Q712,Fiji,Q1469153,Prime Minister of Fiji,Q57830,Frank Bainimarama,2007,
Q33,Finland,Q29558,President of Finland,Q29207,Sauli Niinistö,2012,
Q33,Finland,Q738695,Prime Minister of Finland,Q16986436,Sanna Marin,2019,
Q142,France,Q191954,President of the French Republic,Q3052772,Emmanuel Macron,2017,
Q142,France,Q1587677,Prime Minister of France,Q3171170,Jean Castex,2020,
Q1000,Gabon,Q19109718,President of Gabon,Q57521,Ali Bongo Ondimba,2009,
Q1000,Gabon,Q30100607,Prime Minister of Gabon,Q65556229,Rose Christiane Raponda,2020,
Q230,Georgia,Q843405,President of Georgia,Q272416,Salome Zurabishvili,2018,
Q230,Georgia,Q1975365,Prime Minister of Georgia,Q43287680,Giorgi Gakharia,2019,
Q183,Germany,Q4970706,Federal Chancellor of Germany,Q567,Angela Merkel,2005,
Q183,Germany,Q25223,president of Germany,Q76658,Frank-Walter Steinmeier,2017,
Q117,Ghana,Q2672728,President of Ghana,Q718601,Nana Akufo-Addo,2017,
Q41,Greece,Q3409203,President of Greece,Q57415743,Katerina Sakellaropoulou,2020,
Q41,Greece,Q4377230,Prime Minister of Greece,Q552751,Kyriakos Mitsotakis,2019,
Q769,Grenada,Q30100613,Prime Minister of Grenada,Q370110,Keith Mitchell,2013,
Q769,Grenada,Q26869646,monarch of Grenada,Q9682,Elizabeth II,1974,
Q774,Guatemala,Q6085537,President of the Republic of Guatemala,Q2134696,Alejandro Giammattei,2020,
Q1006,Guinea,Q248577,President of the Republic,Q99522144,Bah Ndaw,2020,
Q1006,Guinea,Q14917303,Prime Minister of Guinea,Q5984807,Ibrahima Kassory Fofana,2018,
Q1007,Guinea-Bissau,Q28015461,President of Guinea-Bissau,Q16855164,Omar Mokhtar Embalo,2020,
Q1007,Guinea-Bissau,Q30101458,Prime Minister of Guinea-Bissau,Q551585,Aristides Gomes,2018,
Q1007,Guinea-Bissau,Q30101458,Prime Minister of Guinea-Bissau,Q86715481,Nuno Nabian,2020,
Q734,Guyana,Q685925,President of Guyana,Q64840184,Irfaan Ali,2020,
Q734,Guyana,Q685925,President of Guyana,Q5230470,David A. Granger,2015,
Q734,Guyana,Q376006,Prime Minister of Guyana,Q98053664,Mark Phillips,2020,
Q790,Haiti,Q3290543,President of Haiti,Q21294765,Jovenel Moïse,2017,2021
Q790,Haiti,Q1064589,Prime Minister of Haiti,Q87188650,Joseph Joute,2020,2021
Q790,Haiti,Q1064589,Prime Minister of Haiti,Q107451258,Ariel Henry,2021,
Q790,Haiti,Q1064589,Prime Minister of Haiti,Q106496152,Claude Joseph,2021,2021
Q783,Honduras,Q13341442,President of Honduras,Q5951723,Juan Orlando Hernández,2014,
Q28,Hungary,Q520765,President of Hungary,Q57467,János Áder,2017,
Q28,Hungary,Q3315094,Prime Minister of Hungary,Q57641,Viktor Orbán,2010,
Q189,Iceland,Q19188924,President of Iceland,Q24045706,Guðni Jóhannesson,2016,
Q189,Iceland,Q19190022,Prime Minister of Iceland,Q467464,Katrín Jakobsdóttir,2017,
Q668,India,Q313383,President of India,Q16845347,Ram Nath Kovind,2017,
Q668,India,Q192711,Prime minister of India,Q1058,Narendra Modi,2014,
Q252,Indonesia,Q11755916,President of Indonesia,Q3318231,Joko Widodo,2014,
Q794,Iran,Q838380,President of Iran,Q5947347,Ebrahim Raisi,2021,
Q794,Iran,Q838380,President of Iran,Q348144,Hassan Rouhani,2013,2021
Q794,Iran,Q332486,Supreme Leader of Iran,Q57336,Ali Khamenei,1989,
Q796,Iraq,Q889817,President of Iraq,Q808173,Barham Salih,2018,
Q796,Iraq,Q1476165,Prime Minister of Iraq,Q5639013,Haider Al-Abadi,2014,
Q27,Ireland,Q213702,President of Ireland,Q57276,Michael D. Higgins,2011,
Q27,Ireland,Q191827,Taoiseach,Q920403,Micheál Martin,2020,
Q427941,Islamic Emirate of Afghanistan,Q166382,emir,Q25548163,Qazi Ahsan Ahmed Shuja Abadi,1961,
Q427941,Islamic Emirate of Afghanistan,Q166382,emir,Q74151859,Nazar-ur-Rehman,2018,
Q427941,Islamic Emirate of Afghanistan,Q166382,emir,Q98649505,Rilwanu Adamu Jumba,2010,
Q427941,Islamic Emirate of Afghanistan,Q166382,emir,Q11955114,Wasul ibn Thakiyya al-Fath,910,
Q427941,Islamic Emirate of Afghanistan,Q166382,emir,Q97788576,Muhibbullah Babunagari,2021,
Q427941,Islamic Emirate of Afghanistan,Q166382,emir,Q59919598,Abu’l Fath of Sarmin,1106,
Q427941,Islamic Emirate of Afghanistan,Q166382,emir,Q2820941,Abdallah ibn Buluggin,1073,
Q427941,Islamic Emirate of Afghanistan,Q166382,emir,Q3555999,Abu Hafs,827,
Q30747910,Islamic Republic of Afghanistan,Q20204943,Chief Executive Officer of Afghanistan,Q317556,Abdullah Abdullah,2014,2021
Q30747910,Islamic Republic of Afghanistan,Q1140706,President of Afghanistan,Q172388,Ashraf Ghani,2014,2021
Q801,Israel,Q327948,President of Israel,Q455854,Reuven Rivlin,2014,
Q801,Israel,Q327948,President of Israel,Q983258,Isaac Herzog,2021,
Q801,Israel,Q208487,Prime Minister of Israel,Q39318,Naftali Bennett,2021,
Q801,Israel,Q208487,Prime Minister of Israel,Q43723,Benjamin Netanyahu,2009,2021
Q38,Italy,Q332711,President of Italy,Q3956186,Sergio Mattarella,2015,
Q38,Italy,Q796897,Prime Minister of Italy,Q294460,Mario Draghi,2021,
Q38,Italy,Q796897,Prime Minister of Italy,Q53844829,Giuseppe Conte,2018,2021
Q1008,Ivory Coast,Q3409195,President of the Ivory Coast,Q57413,Alassane Dramane Ouattara,2010,
Q1008,Ivory Coast,Q3401763,Prime Minister of Ivory Coast,Q3126401,Hamed Bakayoko,2020,2021
Q1008,Ivory Coast,Q3401763,Prime Minister of Ivory Coast,Q3369176,Patrick Achi,2021,
Q766,Jamaica,Q1430943,Prime Minister of Jamaica,Q505200,Andrew Holness,2016,
Q766,Jamaica,Q26869648,monarch of Jamaica,Q9682,Elizabeth II,1962,
Q17,Japan,Q208233,Emperor of Japan,Q217096,Naruhito,2019,
Q17,Japan,Q274948,Prime Minister of Japan,Q122465,Yoshihide Suga,2020,
Q810,Jordan,Q14625123,King of Jordan,Q57464,Abdullah II of Jordan,1999,
Q810,Jordan,Q7243300,Prime Minister of Jordan,Q29512679,Omar Razzaz,2018,
Q810,Jordan,Q7243300,Prime Minister of Jordan,Q63441935,Bisher Al-Khasawneh,2020,
Q232,Kazakhstan,Q5256775,President of Kazakhstan,Q200881,Kassym-Jomart Tokayev,2019,
Q232,Kazakhstan,Q2416315,Prime Minister of Kazakhstan,Q527063,Askar Mamin,2019,
Q114,Kenya,Q14784066,President of Kenya,Q196070,Uhuru Kenyatta,2013,
Q29999,Kingdom of the Netherlands,Q2045066,King of the Netherlands,Q154952,Willem-Alexander of the Netherlands,2013,
Q29999,Kingdom of the Netherlands,Q3058109,Prime Minister of the Netherlands,Q57792,Mark Rutte,2010,
Q710,Kiribati,Q878250,President of Kiribati,Q23034482,Taneti Maamau,2016,
Q817,Kuwait,Q30100649,Prime Minister of Kuwait,Q57894,Jaber Al-Mubarak Al-Hamad Al-Sabah,2011,
Q817,Kuwait,Q246932,emir of Kuwait,Q641805,Nawaf Al-Ahmad Al-Jaber Al-Sabah,2020,
Q813,Kyrgyzstan,Q2333371,Prime Minister of Kyrgyzstan,Q96338578,Kubatbek Boronov,2020,
Q819,Laos,Q904139,President of Laos,Q470024,Bounnhang Vorachith,2016,
Q819,Laos,Q778651,Prime Minister of Laos,Q58323,Thongloun Sisoulith,2016,
Q211,Latvia,Q218014,President of Latvia,Q348043,Egils Levits,2019,
Q211,Latvia,Q369500,Prime Minister of Latvia,Q3736499,Arturs Krišjānis Kariņš,2019,
Q822,Lebanon,Q22001564,President of Lebanon,Q363392,Michel Aoun,2016,
Q822,Lebanon,Q14915225,Prime Minister of Lebanon,Q5679624,Hassan Diab,2020,
Q1013,Lesotho,Q41542585,King of Lesotho,Q57537,Letsie III of Lesotho,1996,
Q1013,Lesotho,Q30101454,Prime Minister of Lesotho,Q91621859,Moeketsi Majoro,2020,
Q1014,Liberia,Q19161825,President of Liberia,Q173139,George Weah,2018,
Q1016,Libya,Q102181806,Chairman of the Presidential Council,Q105319610,Mohamed al-Menfi,2021,
Q1016,Libya,Q102181806,Chairman of the Presidential Council,Q21089561,Fayez al-Sarraj,2016,
Q1016,Libya,Q15305714,Prime Minister of Libya,Q15925685,Abdullah al-Thani,2014,2021
Q1016,Libya,Q15305714,Prime Minister of Libya,Q105319569,Abdulhamid Dbeibeh,2021,
Q1016,Libya,Q15305714,Prime Minister of Libya,Q21089561,Fayez al-Sarraj,2015,
Q347,Liechtenstein,Q63415597,Prince of Lichtenstein,Q57454,"Hans-Adam II, Prince of Liechtenstein",1989,
Q37,Lithuania,Q878222,President of the Republic of Lithuania,Q9268379,Gitanas Nausėda,2019,
Q37,Lithuania,Q845439,Prime Minister of Lithuania,Q437096,Ingrida Šimonytė,2020,
Q32,Luxembourg,Q3276071,Grand Duke of Luxembourg,Q16004,"Henri, Grand Duke of Luxembourg",2000,
Q32,Luxembourg,Q1344632,Prime Minister of Luxembourg,Q561213,Xavier Bettel,2013,
Q1019,Madagascar,Q19161338,President of Madagascar,Q57363,Andry Rajoelina,2019,
Q1019,Madagascar,Q19161338,President of Madagascar,Q56635616,Rivo Rakotovao,2018,
Q1019,Madagascar,Q23782691,Prime Minister of Madagascar,Q54806925,Christian Ntsay,2018,
Q1020,Malawi,Q15921529,President of Malawi,Q16202782,Lazarus Chakwera,2020,
Q833,Malaysia,Q862559,Prime Minister of Malaysia,Q6084858,Ismail Sabri Yaakob,2021,
Q833,Malaysia,Q862559,Prime Minister of Malaysia,Q1060949,Muhyiddin Yassin,2020,2021
Q833,Malaysia,Q174156,Yang di-Pertuan Agong,Q15467111,Abdullah of Pahang,2019,
Q826,Maldives,Q1064606,President of the Maldives,Q55614252,Ibrahim Mohamed Solih,2018,
Q912,Mali,Q30100640,Prime Minister of Mali,Q30005153,Boubou Cisse,2019,
Q233,Malta,Q796593,President of Malta,Q1508402,George William Vella,2019,
Q233,Malta,Q152814,Prime Minister of Malta,Q37860840,Robert Abela,2020,
Q709,Marshall Islands,Q3736673,President of the Marshall Islands,Q20658229,David Kabua,2020,
Q1025,Mauritania,Q28002551,President of Mauritania,Q12241106,Mohamed Ould Ghazouani,2019,
Q1025,Mauritania,Q28002551,President of Mauritania,Q294969,Mohamed Ould Abdel Aziz,2009,
Q1025,Mauritania,Q30101469,Prime Minister of Mauritania,Q98137599,Mohamed Ould Bilal,2020,
Q1025,Mauritania,Q30101469,Prime Minister of Mauritania,Q730612,Mohamed Khouna Ould Haidalla,1984,
Q1027,Mauritius,Q3286988,President of Mauritius,Q77311543,Pradeep Roopun,2019,
Q1027,Mauritius,Q3286988,President of Mauritius,Q27662367,Barlen Vyapoory,2018,
Q1027,Mauritius,Q1826694,Prime Minister of Mauritius,Q3401447,Pravind Jugnauth,2017,
Q96,Mexico,Q628004,President of Mexico,Q318508,Andrés Manuel López Obrador,2018,
Q217,Moldova,Q312271,President of Moldova,Q15071069,Maia Sandu,2020,
Q217,Moldova,Q1769526,Prime Minister of Moldova,Q105193792,Natalia Gavrilița,2021,
Q217,Moldova,Q1769526,Prime Minister of Moldova,Q4822275,Aureliu Ciocoi,2020,2021
Q235,Monaco,Q1655971,Minister of State of Monaco,Q20556507,Pierre Dartout,2020,
Q235,Monaco,Q2457774,Prince of Monaco,Q3910,"Albert II, Prince of Monaco",2005,
Q711,Mongolia,Q756265,President of Mongolia,Q9122260,Khaltmaagiin Battulga,2017,
Q711,Mongolia,Q756265,President of Mongolia,Q27058418,Khurelsukh Ukhnaa,2021,
Q711,Mongolia,Q903751,Prime Minister of Mongolia,Q24248226,Oyunerdene Luvsannamsrai,2021,
Q711,Mongolia,Q903751,Prime Minister of Mongolia,Q27058418,Khurelsukh Ukhnaa,2017,2021
Q236,Montenegro,Q1149153,President of Montenegro,Q57542,Filip Vujanović,2003,
Q236,Montenegro,Q2353252,Prime Minister of Montenegro,Q97999161,Zdravko Krivokapić,2020,
Q1028,Morocco,Q14566719,King of Morocco,Q57553,Mohammed VI,1999,
Q1028,Morocco,Q19842743,Prime Minister of Morocco,Q2033385,Saad Dine El Otmani,2017,
Q1029,Mozambique,Q18565665,President of Mozambique,Q5448556,Filipe Nyusi,2015,
Q1029,Mozambique,Q30100629,Prime Minister of Mozambique,Q19057400,Carlos Agostinho do Rosário,2015,
Q836,Myanmar,Q887124,President of Myanmar,Q3331362,Myint Swe,2021,
Q836,Myanmar,Q887124,President of Myanmar,Q8023642,Win Myint,2018,
Q836,Myanmar,Q23747483,State Counsellor of Myanmar,Q36740,Aung San Suu Kyi,2016,
Q1030,Namibia,Q647198,President of the Republic of Namibia,Q1568274,Hage Gottfried Geingob,2015,
Q1030,Namibia,Q1333976,Prime Minister of Namibia,Q7395683,Saara Kuugongelwa,2015,
Q697,Nauru,Q628102,President of Nauru,Q66765492,Lionel Aingimea,2019,
Q837,Nepal,Q153756,President of Nepal,Q16193958,Bidya Devi Bhandari,2015,
Q837,Nepal,Q30100626,Prime Minister of Nepal,Q3195923,Khadga Prasad Sharma Oli,2018,
Q837,Nepal,Q30100626,Prime Minister of Nepal,Q470903,Sher Bahadur Deuba,2021,
Q664,New Zealand,Q14931517,Monarch of New Zealand,Q9682,Elizabeth II,1952,
Q664,New Zealand,Q1071117,Prime Minister of New Zealand,Q3606816,Jacinda Ardern,2017,
Q811,Nicaragua,Q852448,President of Nicaragua,Q57402,Daniel Ortega,2007,
Q1032,Niger,Q47006398,President of Niger,Q3318398,Mohamed Bazoum,2021,
Q1032,Niger,Q47006398,President of Niger,Q57482,Mahamadou Issoufou,2011,
Q1032,Niger,Q30100634,Prime Minister of Niger,Q57877,Brigi Rafini,2011,2021
Q1032,Niger,Q30100634,Prime Minister of Niger,Q7110324,Ouhoumoudou Mahamadou,2021,
Q1033,Nigeria,Q500282,President of Nigeria,Q361567,Muhammadu Buhari,2015,
Q423,North Korea,Q7240364,Premier of North Korea,Q25035961,Kim Tok-hun,2020,
Q423,North Korea,Q56876342,President of North Korea,Q56226,Kim Jong-un,2011,
Q221,North Macedonia,Q678492,President of North Macedonia,Q15967423,Stevo Pendarovski,2019,
Q221,North Macedonia,Q1776220,Prime Minister of North Macedonia,Q21467814,Oliver Spasovski,2020,
Q20,Norway,Q2334076,Prime Minister of Norway,Q291644,Erna Solberg,2013,
Q20,Norway,Q1294765,monarch of Norway,Q57287,Harald V of Norway,1991,
Q842,Oman,Q28478447,Sultan of Oman,Q12250314,Haitham bin Tarik Al Said,2020,
Q843,Pakistan,Q473984,President of Pakistan,Q4790529,Arif Alvi,2018,
Q843,Pakistan,Q735575,Prime Minister of Pakistan,Q155164,Imran Khan,2018,
Q695,Palau,Q878329,President of Palau,Q26703072,Surangel Whipps Jr.,2021,
Q695,Palau,Q878329,President of Palau,Q336285,Tommy Remengesau,2013,2021
Q804,Panama,Q886965,President of Panama,Q28122455,Laurentino Cortizo,2019,
Q691,Papua New Guinea,Q1074656,Prime Minister of Papua New Guinea,Q6138903,James Marape,2019,
Q691,Papua New Guinea,Q34518124,monarch of Papua New Guinea,Q9682,Elizabeth II,1975,
Q733,Paraguay,Q34071,President of Paraguay,Q48136013,Mario Abdo Benítez,2018,
Q148,People's Republic of China,Q4122271,Premier of the State Council of the People's Republic of China,Q18111,Li Keqiang,2013,
Q148,People's Republic of China,Q655407,President of the People's Republic of China,Q15031,Xi Jinping,2013,
Q419,Peru,Q5708511,President of Peru,Q103838608,Pedro Castillo,2021,
Q419,Peru,Q5708511,President of Peru,Q20015136,Francisco Sagasti,2020,2021
Q928,Philippines,Q1209571,President of the Philippines,Q457786,Rodrigo Duterte,2016,
Q36,Poland,Q1054799,President of the Republic of Poland,Q9151911,Andrzej Duda,2015,
Q36,Poland,Q3259469,Prime Minister of Poland,Q11771436,Mateusz Morawiecki,2017,
Q45,Portugal,Q322459,President of Portugal,Q6756617,Marcelo Rebelo de Sousa,2016,
Q45,Portugal,Q1723031,Prime Minister of Portugal,Q610788,António Costa,2015,
Q846,Qatar,Q25711499,Emir of the State of Qatar,Q57360,Hamad bin Khalifa Al Thani,1995,
Q846,Qatar,Q25711499,Emir of the State of Qatar,Q1855372,Tamim bin Hamad Al Thani,2013,
Q846,Qatar,Q30100647,Prime Minister of Qatar,Q83849153,Khalid bin Khalifa bin Abdul Aziz Al Thani,2020,
Q971,Republic of the Congo,Q10353660,President of the Republic of the Congo,Q57418,Denis Sassou-Nguesso,1997,
Q971,Republic of the Congo,Q30101451,Prime Minister of the Republic of the Congo,Q23928873,Clément Mouamba,2016,
Q218,Romania,Q839139,President of Romania,Q701484,Klaus Iohannis,2019,
Q218,Romania,Q15304810,Prime Minister of Romania,Q28035183,Florin Cîțu,2020,
Q159,Russia,Q218295,President of Russia,Q7747,Vladimir Putin,2012,
Q159,Russia,Q842386,Prime Minister of Russia,Q4298520,Mikhail Mishustin,2020,
Q1037,Rwanda,Q19057726,President of Rwanda,Q1231345,Paul Kagame,2000,
Q1037,Rwanda,Q2590706,Prime Minister of Rwanda,Q38188115,Édouard Ngirente,2017,
Q763,Saint Kitts and Nevis,Q30101336,Prime Minister of St Kitts and Nevis,Q3529064,Timothy Harris,2015,
Q763,Saint Kitts and Nevis,Q26869650,monarch of Saint Kitts and Nevis,Q9682,Elizabeth II,1983,
Q760,Saint Lucia,Q30101433,Prime Minister of Saint Lucia,Q7184214,Philip Pierre,2021,
Q760,Saint Lucia,Q30101433,Prime Minister of Saint Lucia,Q16203640,Allen Chastanet,2016,2021
Q760,Saint Lucia,Q34517722,monarch of Saint Lucia,Q9682,Elizabeth II,1979,
Q757,Saint Vincent and the Grenadines,Q30101507,Prime Minister of Saint Vincent and the Grenadines,Q57800,Ralph Gonsalves,2001,
Q757,Saint Vincent and the Grenadines,Q26869653,monarch of Saint Vincent and the Grenadines,Q9682,Elizabeth II,1979,
Q683,Samoa,Q1258128,O le Ao o le Malo,Q32014514,Va'aletoa Sualauvi II,2017,
Q683,Samoa,Q1277355,Prime Minister of Samoa,Q57723,Tuila'epa Sa'ilele Malielegaoi,1998,2021
Q683,Samoa,Q1277355,Prime Minister of Samoa,Q5446290,Naomi Mataʻafa,2021,
Q238,San Marino,Q258045,Captain Regent of San Marino,Q87974161,Grazia Zafferani,2020,
Q238,San Marino,Q258045,Captain Regent of San Marino,Q3609898,Alessandro Cardelli,2020,
Q238,San Marino,Q258045,Captain Regent of San Marino,Q16064803,Gian Carlo Venturini,2021,
Q238,San Marino,Q258045,Captain Regent of San Marino,Q99485737,Mirko Dolcini,2020,
Q238,San Marino,Q258045,Captain Regent of San Marino,Q888508,Alessandro Mancini,2020,
Q851,Saudi Arabia,Q850168,King of Saudi Arabia,Q367825,Salman of Saudi Arabia,2015,
Q1041,Senegal,Q19116034,President of Senegal,Q57438,Macky Sall,2012,
Q403,Serbia,Q889830,President of Serbia,Q222031,Aleksandar Vučić,2017,
Q403,Serbia,Q835586,Prime Minister of Serbia,Q26258815,Ana Brnabić,2017,
Q1042,Seychelles,Q18463915,President of Seychelles,Q1568174,Wavel Ramkalawan,2020,
Q1044,Sierra Leone,Q890010,President of Sierra Leone,Q283829,Julius Maada Bio,2018,
Q334,Singapore,Q39021,President of Singapore,Q5642345,Halimah Yacob,2017,
Q334,Singapore,Q866756,Prime Minister of Singapore,Q57643,Lee Hsien Loong,2004,
Q214,Slovakia,Q6468838,President of Slovakia,Q26273268,Zuzana Čaputová,2019,
Q214,Slovakia,Q45369,Prime Minister of Slovakia,Q46227987,Eduard Heger,2021,
Q214,Slovakia,Q45369,Prime Minister of Slovakia,Q552706,Igor Matovič,2020,2021
Q215,Slovenia,Q495877,President of Slovenia,Q206471,Borut Pahor,2012,
Q215,Slovenia,Q45758,Prime Minister of Slovenia,Q57627,Janez Janša,2020,
Q685,Solomon Islands,Q1425954,Prime Minister of the Solomon Islands,Q7331464,Rick Houenipwela,2017,
Q685,Solomon Islands,Q34518009,monarch of the Solomon Islands,Q9682,Elizabeth II,1978,
Q1045,Somalia,Q19364214,President of Somalia,Q558575,Mohamed Abdullahi Farmajo,2017,
Q1045,Somalia,Q1335939,Prime Minister of Somalia,Q99605101,Mohamed Hussein Roble,2020,
Q258,South Africa,Q273884,President of South Africa,Q1148669,Matamela Cyril Ramaphosa,2018,
Q884,South Korea,Q6296418,president of South Korea,Q21001,Moon Jae-in,2017,
Q958,South Sudan,Q19362922,President of South Sudan,Q57315,Salva Kiir Mayardit,2011,
Q29,Spain,Q3847454,King of Spain,Q191045,Felipe VI of Spain,2014,
Q29,Spain,Q844587,Prime Minister of Spain,Q6070218,Pedro Sánchez,2018,
Q854,Sri Lanka,Q2914380,President of Sri Lanka,Q1538702,Gotabaya Rajapaksa,2019,
Q1049,Sudan,Q30100623,Prime Minister of Sudan,Q27654948,Abdalla Hamdok,2019,
Q730,Suriname,Q878254,President of Suriname,Q333135,Chan Santokhi,2020,
Q34,Sweden,Q687075,Prime Minister of Sweden,Q2740012,Stefan Löfven,2014,
Q34,Sweden,Q1268572,monarch of Sweden,Q45068,Carl XVI Gustaf of Sweden,1973,
Q39,Switzerland,Q11811941,Member of the Swiss Federal Council,Q115881,Karin Keller-Sutter,2019,
Q39,Switzerland,Q11811941,Member of the Swiss Federal Council,Q123939,Alain Berset,2012,
Q39,Switzerland,Q11811941,Member of the Swiss Federal Council,Q122991,Simonetta Sommaruga,2010,
Q39,Switzerland,Q11811941,Member of the Swiss Federal Council,Q120917,Viola Amherd,2019,
Q39,Switzerland,Q11811941,Member of the Swiss Federal Council,Q123979,Ueli Maurer,2009,
Q39,Switzerland,Q11811941,Member of the Swiss Federal Council,Q117254,Ignazio Cassis,2017,
Q39,Switzerland,Q11811941,Member of the Swiss Federal Council,Q121160,Guy Parmelin,2016,
Q858,Syria,Q648464,President of Syria,Q44329,Bashar al-Assad,2000,
Q858,Syria,Q7243302,Prime Minister of Syria,Q60455401,Hussein Arnous,2020,
Q1039,São Tomé and Príncipe,Q19058289,President of São Tomé and Príncipe,Q709734,Evaristo Carvalho,2016,
Q1039,São Tomé and Príncipe,Q20551579,Prime Minister of São Tomé and Príncipe,Q57085436,Jorge Bom Jesus,2018,
Q865,Taiwan,Q702650,President of the Executive Yuan,Q551904,Su Tseng-chang,2019,
Q865,Taiwan,Q887003,President of the Republic of China,Q233984,Tsai Ing-wen,2016,
Q863,Tajikistan,Q2734978,Prime Minister of Tajikistan,Q15222839,Kokhir Rasulzoda,2013,
Q863,Tajikistan,Q1044136,president of Tajikistan,Q57366,Emomali Rahmon,1994,
Q924,Tanzania,Q7241291,President of Tanzania,Q16193885,Samia Suluhu,2021,
Q924,Tanzania,Q7241291,President of Tanzania,Q5018756,John Magufuli,2015,2021
Q869,Thailand,Q27330121,King of Thailand,Q548733,Vajiralongkorn,2016,
Q869,Thailand,Q12376089,Prime Minister of Thailand,Q2108126,Prayut Chan-o-cha,2014,
Q778,The Bahamas,Q565424,Prime Minister of the Bahamas,Q16732648,Hubert Minnis,2017,
Q778,The Bahamas,Q26869642,monarch of the Bahamas,Q9682,Elizabeth II,1973,
Q1005,The Gambia,Q15921518,President of the Gambia,Q27917049,Adama Barrow,2017,
Q945,Togo,Q28015471,President of Togo,Q4414,Faure Essozimna Gnassingbé Eyadéma,2005,
Q945,Togo,Q30100661,Prime Minister of Togo,Q16682496,Victoire Dogbé Tomegah,2020,
Q945,Togo,Q30100661,Prime Minister of Togo,Q6428317,Komi Klassou,2015,
Q678,Tonga,Q915636,Prime Minister of Tonga,Q7449656,Semisi Sika,2019,
Q678,Tonga,Q42298576,monarch of Tonga,Q208497,Tupou VI of Tonga,2012,
Q754,Trinidad and Tobago,Q2522739,President of Trinidad and Tobago,Q47461098,Paula-Mae Weekes,2018,
Q754,Trinidad and Tobago,Q30101326,Prime Minister of Trinidad and Tobago,Q6384971,Keith Rowley,2015,
Q948,Tunisia,Q14911897,President of Tunisia,Q16120878,Kais Saied,2019,
Q948,Tunisia,Q1064106,Prime Minister of Tunisia,Q88485687,Hichem Mechichi,2020,2021
Q43,Turkey,Q1922067,President of Turkey,Q39259,Recep Tayyip Erdoğan,2014,
Q874,Turkmenistan,Q1155759,President of Turkmenistan,Q57530,Gurbanguly Berdimuhamedow,2007,
Q672,Tuvalu,Q592866,Prime Minister of Tuvalu,Q6378927,Kausea Natano,2019,
Q672,Tuvalu,Q34517851,monarch of Tuvalu,Q9682,Elizabeth II,1978,
Q1036,Uganda,Q18204367,President of Uganda,Q57274,Yoweri Museveni,1986,
Q1036,Uganda,Q2462330,Prime Minister of Uganda,Q1740843,Ruhakana Rugunda,2014,
Q212,Ukraine,Q579677,President of Ukraine,Q3874799,Volodymyr Zelenskyi,2019,
Q212,Ukraine,Q1145714,Prime Minister of Ukraine,Q66094865,Denys Shmyhal,2020,
Q878,United Arab Emirates,Q955006,President of the United Arab Emirates,Q1059948,Khalifa bin Zayed Al Nahyan,2004,
Q878,United Arab Emirates,Q30101519,Prime Minister of the United Arab Emirates,Q57655,Mohammed bin Rashid Al Maktoum,2006,
Q145,United Kingdom,Q14211,Prime Minister of the United Kingdom,Q180589,Boris Johnson,2019,
Q145,United Kingdom,Q9134365,monarch of the United Kingdom,Q9682,Elizabeth II,1952,
Q30,United States of America,Q11696,President of the United States,Q6279,Joe Biden,2021,
Q30,United States of America,Q11696,President of the United States,Q22686,Donald Trump,2017,2021
Q77,Uruguay,Q4524807,President of Uruguay,Q6800406,Luis Lacalle Pou,2020,
Q265,Uzbekistan,Q7466263,President of Uzbekistan,Q57808,Shavkat Mirziyoyev,2016,
Q265,Uzbekistan,Q1348717,Prime Minister of Uzbekistan,Q28002959,Abdulla Nigmatovich Aripov,2016,
Q686,Vanuatu,Q878217,President of Vanuatu,Q32060530,Tallis Obed Moses,2017,
Q686,Vanuatu,Q1029958,Prime Minister of Vanuatu,Q16190741,Bob Loughman Weibur,2020,
Q237,Vatican City,Q2387238,President of the Pontifical Commission for Vatican City State,Q543260,Giuseppe Bertello,2011,
Q237,Vatican City,Q19546,pope,Q450675,Francis,2013,
Q717,Venezuela,Q11942698,President of Venezuela,Q58132,Nicolás Maduro,2013,
Q717,Venezuela,Q11942698,President of Venezuela,Q58833335,Juan Guaidó,2019,
Q881,Vietnam,Q866680,President of Vietnam,Q10800073,Nguyen Xuan Phuc,2021,
Q881,Vietnam,Q866680,President of Vietnam,Q318458,Nguyen Phu Trong,2018,2021
Q881,Vietnam,Q1043568,Prime Minister of Vietnam,Q10800073,Nguyen Xuan Phuc,2016,2021
Q881,Vietnam,Q1043568,Prime Minister of Vietnam,Q10806940,Phạm Minh Chính,2021,
Q805,Yemen,Q878256,President of Yemen,Q57480,Abdrabbuh Mansour Hadi,2012,
Q805,Yemen,Q1192903,Prime Minister of Yemen,Q57373157,Maeen Abdulmalik Saeed,2020,
Q953,Zambia,Q18985034,President of Zambia,Q18352991,Edgar Lungu,2015,2021
Q953,Zambia,Q18985034,President of Zambia,Q717185,Hakainde Hichilema,2021,
Q954,Zimbabwe,Q19056184,President of Zimbabwe,Q510523,Emmerson Mnangagwa,2017,
